Name,Maths,Physics,Chemistry,Average,Grade
Rahul,85,78,90,84.33333333333333,B
Anita,92,88,95,91.66666666666667,A
Kiran,70,65,72,69.0,C
Sneha,88,90,85,87.66666666666667,B
Arjun,60,55,58,57.666666666666664,D
